RSSD,Year
4281197,2024
1247576,2024
1126738,2024
1134724,2024
1125254,2024
1127146,2024
3047172,2024
2632571,2024
1123728,2024
1129029,2024
1128639,2024
3470088,2024
1134872,2024
1127799,2024
4412151,2024
1122132,2024
5217915,2024
1919976,2024
3636389,2024
1990087,2024
1128880,2024
1124163,2024
3308510,2024
1122310,2024
3378764,2024
1127717,2024
2351247,2024
1516405,2024
1143922,2024
1127294,2024
1128451,2024
1133549,2024
3184219,2024
1246805,2024
1128349,2024
1020920,2024
1843688,2024
1122963,2024
1125030,2024
3559862,2024
1135114,2024
1964668,2024
1121966,2024
1129065,2024
3823929,2024
2253060,2024
1123782,2024
1246494,2024
2452630,2024
2354592,2024
1125423,2024
3435283,2024
1126989,2024
1134470,2024
1126149,2024
1121229,2024
1126121,2024
2029368,2024
3615272,2024
2359328,2024
1125571,2024
1139103,2024
2359962,2024
1124097,2024
4126609,2024
2565950,2024
1134863,2024
1128947,2024
1127771,2024
2622219,2024
1122178,2024
1126158,2024
1123885,2024
2108227,2024
4264387,2024
1127276,2024
1842935,2024
1131237,2024
1978414,2024
1128040,2024
1140266,2024
1123670,2024
1128899,2024
1142952,2024
1125357,2024
1134845,2024
2577159,2024
2880662,2024
1123401,2024
1127940,2024
2399678,2024
1416671,2024
1128134,2024
1247017,2024
2131373,2024
1122534,2024
1125795,2024
1857171,2024
1126185,2024
1133567,2024
1123858,2024
1127249,2024
3223396,2024
1907106,2024
1126082,2024
1136371,2024
1125898,2024
3207613,2024
1121993,2024
3068636,2024
1125290,2024
2380948,2024
1124659,2024
1125740,2024
1125674,2024
2610766,2024
4394060,2024
3823901,2024
1122217,2024
1134966,2024
1126484,2024
1122057,2024
4237998,2024
1125647,2024
1125553,2024
4404277,2024
1125320,2024
1843576,2024
2728438,2024
4035943,2024
2360043,2024
1132793,2024
4465559,2024
3253825,2024
1124994,2024
1126569,2024
1495788,2024
1496244,2024
1123812,2024
2734028,2024
1143904,2024
2623551,2024
1126523,2024
1123951,2024
1128769,2024
1125580,2024
4203425,2024
1126354,2024
4523440,2024
1141348,2024
1121984,2024
2631798,2024
1127155,2024
1487327,2024
1124202,2024
1127548,2024
1128424,2024
2130303,2024
1121724,2024
1128189,2024
2176105,2024
1126466,2024
3072594,2024
1127409,2024
1129001,2024
3153260,2024
5536791,2024
1363748,2024
1122897,2024
2390013,2024
1124024,2024
1125124,2024
1126242,2024
5280133,2024
1125683,2024
2780717,2024
1485800,2024
1125058,2024
1126493,2024
5735437,2024
1126877,2024
2359869,2024
1245246,2024
1139868,2024
2142324,2024
3800797,2024
2519805,2024
3374243,2024
2619059,2024
2613589,2024
3342411,2024
1132195,2024
1128723,2024
3346624,2024
1246243,2024
1129159,2024
3362923,2024
1128817,2024
2848804,2024
1125441,2024
1125496,2024
1124060,2024
1137686,2024
2295837,2024
1124622,2024
3613540,2024
1135039,2024
3344312,2024
1126934,2024
1127306,2024
1128385,2024
1128264,2024
2291727,2024
1842421,2024
1141580,2024
2161437,2024
2206842,2024
1128581,2024
1127847,2024
1449512,2024
2265867,2024
3270037,2024
3357068,2024
1925913,2024
1123719,2024
1128321,2024
1126318,2024
1127986,2024
1126112,2024
1126073,2024
1127650,2024
3271267,2024
4247081,2024
1427640,2024
1128554,2024
1247576,2023
3368185,2023
1126738,2023
1134724,2023
1125254,2023
2067007,2023
1127146,2023
4974293,2023
3047172,2023
3802858,2023
4520953,2023
2632571,2023
2433312,2023
1123728,2023
4968368,2023
3435957,2023
5680658,2023
1129029,2023
1128639,2023
1128460,2023
3470088,2023
4932798,2023
1134872,2023
1127799,2023
2533070,2023
4412151,2023
1143511,2023
1122132,2023
5217915,2023
1919976,2023
3636389,2023
1363980,2023
1990087,2023
1128880,2023
1248162,2023
2238544,2023
1124163,2023
3308510,2023
1133781,2023
1122310,2023
3378764,2023
5752863,2023
1127717,2023
2351247,2023
1516405,2023
1143922,2023
1127294,2023
1128451,2023
1133549,2023
1857779,2023
3184219,2023
1246805,2023
1128349,2023
1020920,2023
1843688,2023
1128228,2023
1122963,2023
1125030,2023
3559862,2023
1135114,2023
1964668,2023
1121966,2023
1129065,2023
3823929,2023
2253060,2023
1123782,2023
1246494,2023
2452630,2023
2354592,2023
1127182,2023
3139312,2023
1125423,2023
3435283,2023
1126989,2023
1134470,2023
3823965,2023
1126149,2023
2860262,2023
1125151,2023
2752125,2023
1121229,2023
1126121,2023
2029368,2023
2265782,2023
3615272,2023
1124798,2023
2359328,2023
1125571,2023
1139103,2023
2359962,2023
2499082,2023
1124097,2023
4126609,2023
2565950,2023
1134863,2023
1127687,2023
1943917,2023
1121881,2023
1128947,2023
1127771,2023
5613236,2023
2622219,2023
1122178,2023
1126158,2023
1123791,2023
1123885,2023
2108227,2023
4264387,2023
1121788,2023
1127016,2023
1127276,2023
1126037,2023
1842935,2023
1131237,2023
1978414,2023
1247969,2023
1404687,2023
1128040,2023
1128666,2023
1140211,2023
1140266,2023
1123670,2023
1128899,2023
1125450,2023
1142952,2023
1122413,2023
1125357,2023
1248546,2023
2992396,2023
1134845,2023
2577159,2023
2880662,2023
1123401,2023
1137510,2023
1127940,2023
2399678,2023
1123072,2023
1128675,2023
1125432,2023
1143548,2023
1416671,2023
1857788,2023
1128134,2023
1247017,2023
2131373,2023
1128358,2023
1122534,2023
3314100,2023
1125795,2023
1857171,2023
1126185,2023
1133567,2023
1123858,2023
1127249,2023
1842551,2023
3223396,2023
1907106,2023
1126082,2023
2003975,2023
5610936,2023
4281197,2023
1123803,2023
1136371,2023
1125898,2023
3207613,2023
5381601,2023
1857760,2023
1121993,2023
1363908,2023
3068636,2023
1128590,2023
1125290,2023
5618101,2023
2380948,2023
1124659,2023
2500719,2023
1125003,2023
1125740,2023
1125674,2023
2466235,2023
2610766,2023
4394060,2023
1123616,2023
3823901,2023
1122217,2023
1124284,2023
1134966,2023
1126484,2023
1122057,2023
4237998,2023
1125647,2023
1125553,2023
2359917,2023
1495854,2023
1122990,2023
4404277,2023
1843558,2023
1125320,2023
1126671,2023
1843576,2023
2728438,2023
4035943,2023
1126747,2023
2360043,2023
1132793,2023
4465559,2023
1124994,2023
1131406,2023
1126569,2023
3800658,2023
1495788,2023
1496244,2023
1122468,2023
1128200,2023
5715064,2023
5140929,2023
1123812,2023
2734028,2023
1143904,2023
2623551,2023
1143678,2023
1126523,2023
1123951,2023
1128769,2023
1142206,2023
3027268,2023
5281989,2023
1827718,2023
1125580,2023
1128705,2023
4347301,2023
3802540,2023
2695688,2023
2359823,2023
4203425,2023
1126354,2023
4523440,2023
1141348,2023
2351274,2023
1142868,2023
1121984,2023
2962344,2023
2851318,2023
1126626,2023
2631798,2023
1127155,2023
2665739,2023
1487327,2023
1124202,2023
1127548,2023
1128424,2023
1136540,2023
2130303,2023
1122422,2023
1121724,2023
1871588,2023
1128189,2023
2176105,2023
1126466,2023
1246542,2023
3072594,2023
1127409,2023
1129001,2023
5536791,2023
1124118,2023
1121340,2023
1363748,2023
4792022,2023
1124613,2023
1122897,2023
2390013,2023
5537079,2023
5672448,2023
1124024,2023
1125124,2023
3072017,2023
1123821,2023
1126242,2023
5280133,2023
1125683,2023
2780717,2023
5331286,2023
1485800,2023
3537990,2023
3090842,2023
1125058,2023
1126493,2023
1128527,2023
1126877,2023
1495797,2023
2359869,2023
1245246,2023
1139868,2023
2142324,2023
3800797,2023
3596269,2023
1126327,2023
2519805,2023
3374243,2023
2619059,2023
2613589,2023
3342411,2023
1132195,2023
1128723,2023
3348011,2023
1144077,2023
1246243,2023
1129159,2023
3362923,2023
1127856,2023
1128497,2023
1124789,2023
1128817,2023
2848804,2023
1125441,2023
1125496,2023
1139251,2023
1124060,2023
1137686,2023
1126729,2023
1127436,2023
1417333,2023
2295837,2023
1123410,2023
1126046,2023
1125692,2023
1124622,2023
3613540,2023
1135039,2023
3344312,2023
1126934,2023
1127306,2023
1119794,2023
1126372,2023
1128264,2023
2291727,2023
1842421,2023
2387152,2023
1125900,2023
1141580,2023
2161437,2023
2206842,2023
1128581,2023
1127847,2023
1449512,2023
2265867,2023
3270037,2023
3357068,2023
1925913,2023
1123719,2023
1128321,2023
1126318,2023
1135271,2023
1127986,2023
1135048,2023
2892067,2023
1126112,2023
1126073,2023
1123018,2023
1135619,2023
3025910,2023
1127650,2023
3271267,2023
2351359,2023
4247081,2023
1125245,2023
1133660,2023
1427640,2023
1128554,2023
1124921,2023
1247576,2022
3368185,2022
1126738,2022
1134724,2022
1125254,2022
2067007,2022
1127146,2022
4974293,2022
3047172,2022
3802858,2022
4520953,2022
2632571,2022
2433312,2022
1123728,2022
4968368,2022
3435957,2022
5680658,2022
1129029,2022
1128639,2022
1128460,2022
3470088,2022
4932798,2022
1134872,2022
1127799,2022
2533070,2022
4412151,2022
1143511,2022
1122132,2022
5217915,2022
1919976,2022
3636389,2022
1363980,2022
1990087,2022
1128880,2022
1248162,2022
2238544,2022
1124163,2022
3308510,2022
1133781,2022
1122310,2022
3378764,2022
5752863,2022
1127717,2022
2351247,2022
1516405,2022
1143922,2022
1127294,2022
1128451,2022
1133549,2022
1857779,2022
3184219,2022
1246805,2022
1128349,2022
1020920,2022
1843688,2022
1128228,2022
1122963,2022
1125030,2022
3559862,2022
1135114,2022
1964668,2022
1121966,2022
1129065,2022
3823929,2022
2253060,2022
1123782,2022
2452630,2022
2354592,2022
1127182,2022
3139312,2022
1125423,2022
3435283,2022
1126989,2022
1134470,2022
3823965,2022
1126149,2022
2860262,2022
1125151,2022
2752125,2022
1121229,2022
1126121,2022
2029368,2022
2265782,2022
3615272,2022
1124798,2022
2359328,2022
1125571,2022
1139103,2022
2359962,2022
2499082,2022
1124097,2022
1246355,2022
4126609,2022
2565950,2022
1134863,2022
1127687,2022
1943917,2022
1121881,2022
1128947,2022
1127771,2022
5613236,2022
2622219,2022
1122178,2022
1126158,2022
1123791,2022
1123885,2022
2108227,2022
4264387,2022
1121788,2022
3362923,2022
1127276,2022
1127016,2022
1126037,2022
1842935,2022
1131237,2022
1978414,2022
1247969,2022
1404687,2022
1128040,2022
1128666,2022
1140211,2022
1140266,2022
1123670,2022
1128899,2022
1125450,2022
1142952,2022
1122413,2022
1125357,2022
1248546,2022
2992396,2022
1134845,2022
2577159,2022
2880662,2022
1123401,2022
1137510,2022
1127940,2022
2399678,2022
1123072,2022
1128675,2022
2323495,2022
1125432,2022
1143548,2022
1416671,2022
1857788,2022
1128134,2022
1247017,2022
2131373,2022
1128358,2022
1122534,2022
3314100,2022
1125795,2022
1857171,2022
1126185,2022
1133567,2022
1123858,2022
1127249,2022
1842551,2022
3223396,2022
1907106,2022
2003975,2022
5610936,2022
4281197,2022
1123803,2022
1136371,2022
1125898,2022
3207613,2022
5381601,2022
1857760,2022
1121993,2022
1363908,2022
3068636,2022
1128590,2022
1125290,2022
5618101,2022
2380948,2022
1124659,2022
2500719,2022
1125003,2022
1125740,2022
2234210,2022
1125674,2022
2466235,2022
2610766,2022
4394060,2022
1123616,2022
3823901,2022
1122217,2022
1124284,2022
1134966,2022
1126484,2022
1122057,2022
4237998,2022
1125647,2022
1125553,2022
2359917,2022
1495854,2022
1122990,2022
4404277,2022
1843558,2022
1125320,2022
1126671,2022
1843576,2022
2728438,2022
4035943,2022
1126747,2022
2360043,2022
1132793,2022
4465559,2022
3253825,2022
1124994,2022
1131406,2022
1126569,2022
3800658,2022
1495788,2022
1496244,2022
1122468,2022
1128200,2022
1129186,2022
1143128,2022
5140929,2022
1123812,2022
2734028,2022
1143904,2022
2623551,2022
1143678,2022
1126523,2022
1123951,2022
1128769,2022
1142206,2022
3027268,2022
5281989,2022
1827718,2022
1125580,2022
1128705,2022
4347301,2022
3802540,2022
2695688,2022
2359823,2022
4203425,2022
1126354,2022
4523440,2022
1141348,2022
2351274,2022
1142868,2022
1121984,2022
2962344,2022
2851318,2022
1126626,2022
2631798,2022
1127155,2022
2665739,2022
1487327,2022
1124202,2022
1127548,2022
1128424,2022
1136540,2022
2130303,2022
1122422,2022
1121724,2022
1871588,2022
1128189,2022
2176105,2022
1126466,2022
3072594,2022
1127409,2022
1129001,2022
3153260,2022
5536791,2022
1124118,2022
1121340,2022
1363748,2022
4792022,2022
1124613,2022
1122897,2022
2390013,2022
5537079,2022
5672448,2022
1124024,2022
1125124,2022
3072017,2022
1123821,2022
1126242,2022
5280133,2022
1125683,2022
2780717,2022
5331286,2022
1485800,2022
3537990,2022
3090842,2022
1125058,2022
1126493,2022
1128527,2022
1126877,2022
1495797,2022
2359869,2022
1245246,2022
1139868,2022
2142324,2022
3800797,2022
3596269,2022
1126327,2022
2519805,2022
3374243,2022
2619059,2022
2613589,2022
3342411,2022
1132195,2022
1128723,2022
3348011,2022
3346624,2022
1144077,2022
1246243,2022
1129159,2022
1127856,2022
1128497,2022
1124789,2022
1128817,2022
2848804,2022
1125441,2022
1125496,2022
1139251,2022
1124060,2022
1137686,2022
1126729,2022
1127436,2022
1417333,2022
2295837,2022
1123410,2022
1126046,2022
1125692,2022
1124622,2022
3613540,2022
1135039,2022
3344312,2022
1126934,2022
1127306,2022
1119794,2022
1128385,2022
1126372,2022
1128264,2022
2291727,2022
1842421,2022
2387152,2022
1125900,2022
1141580,2022
2161437,2022
2206842,2022
1128581,2022
1127847,2022
1449512,2022
2265867,2022
3270037,2022
3357068,2022
1925913,2022
1123719,2022
1128321,2022
1126318,2022
1135271,2022
1127986,2022
1135048,2022
2892067,2022
1126112,2022
1126073,2022
1123018,2022
3042841,2022
1135619,2022
3025910,2022
1127650,2022
3271267,2022
2351359,2022
4247081,2022
1125245,2022
1133660,2022
1427640,2022
1128554,2022
1124921,2022
1247576,2021
3368185,2021
1126738,2021
1134724,2021
1125254,2021
2067007,2021
1127146,2021
4974293,2021
3047172,2021
3802858,2021
4520953,2021
2632571,2021
2433312,2021
1122301,2021
1123728,2021
4968368,2021
3435957,2021
1129029,2021
1128639,2021
1128460,2021
3470088,2021
3802698,2021
4932798,2021
1134872,2021
1127799,2021
2533070,2021
4412151,2021
1143511,2021
1122132,2021
5217915,2021
1919976,2021
3636389,2021
1363980,2021
1990087,2021
1128880,2021
1248162,2021
2238544,2021
1124163,2021
3308510,2021
1133781,2021
1122310,2021
3378764,2021
1127717,2021
2351247,2021
1516405,2021
1143922,2021
1127294,2021
1128451,2021
1133549,2021
1857779,2021
3184219,2021
1246805,2021
1128349,2021
1020920,2021
1843688,2021
3485989,2021
1128228,2021
1122963,2021
1125030,2021
3559862,2021
1135114,2021
1964668,2021
1121966,2021
1129065,2021
3823929,2021
1123287,2021
2253060,2021
1123782,2021
1246494,2021
2452630,2021
2354592,2021
1127182,2021
3139312,2021
1125423,2021
3435283,2021
1126989,2021
1134470,2021
1126149,2021
2860262,2021
1125151,2021
2752125,2021
1121229,2021
1126121,2021
2029368,2021
2265782,2021
3615272,2021
1124798,2021
2359328,2021
1125571,2021
1139103,2021
2359962,2021
2499082,2021
1124097,2021
1246355,2021
4126609,2021
2565950,2021
1134863,2021
1127687,2021
1943917,2021
1121881,2021
1128947,2021
1127771,2021
2622219,2021
1122178,2021
1126158,2021
1123791,2021
1123885,2021
2108227,2021
4264387,2021
1121788,2021
3362923,2021
1127016,2021
1127276,2021
1126037,2021
1842935,2021
1131237,2021
1978414,2021
1247969,2021
2252009,2021
1404687,2021
1128040,2021
1128666,2021
1140266,2021
1123670,2021
1128899,2021
1125450,2021
1142952,2021
1122413,2021
1125357,2021
1248546,2021
2992396,2021
1134845,2021
2577159,2021
2880662,2021
1123401,2021
1137510,2021
1127940,2021
2399678,2021
1123072,2021
1128675,2021
2323495,2021
1125432,2021
1143548,2021
1857788,2021
1128134,2021
1247017,2021
2131373,2021
1128358,2021
1122534,2021
3314100,2021
1125795,2021
1857171,2021
1126185,2021
1133567,2021
1123858,2021
1127249,2021
1842551,2021
3223396,2021
1907106,2021
1126082,2021
2003975,2021
5610936,2021
4281197,2021
1123803,2021
1136371,2021
1125898,2021
3207613,2021
4809920,2021
5381601,2021
1857760,2021
1121993,2021
1363908,2021
3068636,2021
1128590,2021
1127351,2021
1125290,2021
5618101,2021
2380948,2021
1124659,2021
2500719,2021
1125003,2021
1125740,2021
2234210,2021
1125674,2021
2466235,2021
2610766,2021
4394060,2021
1123616,2021
3823901,2021
1122217,2021
1124284,2021
1134966,2021
1126484,2021
1122057,2021
4237998,2021
1125647,2021
1125553,2021
2359917,2021
1495854,2021
1122990,2021
4404277,2021
1843558,2021
1125320,2021
1126671,2021
1843576,2021
2728438,2021
4035943,2021
1126747,2021
2360043,2021
1132793,2021
4465559,2021
3253825,2021
1124994,2021
1131406,2021
1126569,2021
3800658,2021
1495788,2021
1496244,2021
1122468,2021
1128200,2021
1129186,2021
1143128,2021
5140929,2021
1123812,2021
3151426,2021
2734028,2021
1143904,2021
2623551,2021
1143678,2021
1126523,2021
1123951,2021
1128769,2021
1142206,2021
2390013,2021
3027268,2021
5281989,2021
1827718,2021
1125580,2021
1128705,2021
4347301,2021
3802540,2021
2695688,2021
2359823,2021
4203425,2021
1126354,2021
4523440,2021
1141348,2021
2351274,2021
1142868,2021
1121984,2021
2962344,2021
2851318,2021
1126626,2021
2631798,2021
1127155,2021
2665739,2021
1487327,2021
1124202,2021
1127548,2021
1128424,2021
1136540,2021
2130303,2021
1122422,2021
1121724,2021
1871588,2021
1128189,2021
2176105,2021
1126466,2021
1246542,2021
3072594,2021
2839044,2021
1127409,2021
1129001,2021
3153260,2021
5536791,2021
1124118,2021
1121340,2021
1363748,2021
4792022,2021
1124613,2021
1122897,2021
5537079,2021
5672448,2021
1124024,2021
1125124,2021
3072017,2021
1123821,2021
1126242,2021
5280133,2021
1125683,2021
2780717,2021
5331286,2021
1485800,2021
3537990,2021
3090842,2021
1127173,2021
1125058,2021
1126493,2021
1128527,2021
1126877,2021
1495797,2021
2359869,2021
1245246,2021
1139868,2021
2142324,2021
3800797,2021
3596269,2021
1126327,2021
2519805,2021
3374243,2021
2619059,2021
2613589,2021
3342411,2021
1132195,2021
1128723,2021
3348011,2021
3346624,2021
1144077,2021
1246243,2021
1129159,2021
1127856,2021
1128497,2021
1124789,2021
1128817,2021
2848804,2021
1125441,2021
1125496,2021
1139251,2021
1124060,2021
1137686,2021
1126729,2021
1127436,2021
1417333,2021
2295837,2021
1123410,2021
1126046,2021
1125692,2021
1124622,2021
3613540,2021
3823965,2021
1135039,2021
3344312,2021
1126934,2021
1127306,2021
1119794,2021
1128385,2021
1126372,2021
1128264,2021
2291727,2021
1842421,2021
2387152,2021
1125900,2021
1141580,2021
2161437,2021
2206842,2021
1128581,2021
1127847,2021
1449512,2021
2265867,2021
3270037,2021
3357068,2021
1925913,2021
1123719,2021
1128321,2021
1126318,2021
1135271,2021
1127986,2021
1142989,2021
1135048,2021
2892067,2021
1126112,2021
1126073,2021
1123018,2021
3042841,2021
1135619,2021
3025910,2021
1127650,2021
3271267,2021
2351359,2021
4247081,2021
1125245,2021
1133660,2021
1427640,2021
1128554,2021
1124921,2021
1128415,2020
1247576,2020
3368185,2020
1126738,2020
1134724,2020
1125254,2020
2067007,2020
1127146,2020
4974293,2020
1133781,2020
3047172,2020
3802858,2020
4520953,2020
2433312,2020
1122301,2020
1123728,2020
4968368,2020
3435957,2020
2264020,2020
1129029,2020
1128639,2020
1128460,2020
3470088,2020
3802698,2020
4932798,2020
1134872,2020
1127799,2020
2533070,2020
4412151,2020
1143511,2020
1122132,2020
5217915,2020
1919976,2020
3636389,2020
1363980,2020
1990087,2020
1128880,2020
1248162,2020
2238544,2020
1124163,2020
3308510,2020
1122310,2020
3378764,2020
1125544,2020
1127717,2020
2351247,2020
1516405,2020
1143922,2020
1127294,2020
1128451,2020
1133549,2020
1857779,2020
3184219,2020
1246805,2020
1128349,2020
1020920,2020
1127173,2020
1843688,2020
3485989,2020
1128228,2020
1122963,2020
1125030,2020
3559862,2020
1135114,2020
1127481,2020
1964668,2020
1129047,2020
1121966,2020
1129065,2020
3823929,2020
1123287,2020
2253060,2020
1123782,2020
1246494,2020
2452630,2020
2354592,2020
1127182,2020
3139312,2020
1125423,2020
3435283,2020
1126989,2020
1134470,2020
1992335,2020
2860262,2020
1125151,2020
2752125,2020
1121229,2020
1126121,2020
2029368,2020
2265782,2020
3615272,2020
1124798,2020
2359328,2020
1125571,2020
1139103,2020
2359962,2020
2499082,2020
3304352,2020
1124097,2020
1246355,2020
4126609,2020
3133561,2020
2565950,2020
1134863,2020
1127687,2020
1943917,2020
1121881,2020
1128947,2020
1127771,2020
1124930,2020
2967358,2020
2622219,2020
1122178,2020
1126158,2020
1123791,2020
1123885,2020
2108227,2020
4264387,2020
1121788,2020
3362923,2020
1127016,2020
1127276,2020
1126037,2020
1842935,2020
1131237,2020
1978414,2020
1247969,2020
2252009,2020
1404687,2020
1128040,2020
1128666,2020
1140211,2020
1140266,2020
1123670,2020
1128899,2020
1125450,2020
1142952,2020
1122413,2020
1125357,2020
1248546,2020
2992396,2020
1134845,2020
2577159,2020
2880662,2020
1123401,2020
1137510,2020
1127940,2020
2399678,2020
1123072,2020
1128675,2020
2323495,2020
1125432,2020
1143548,2020
1416671,2020
1857788,2020
1128134,2020
1247017,2020
2131373,2020
1128358,2020
1122534,2020
3314100,2020
1125795,2020
1857171,2020
1126185,2020
1133567,2020
1127249,2020
1842551,2020
3223396,2020
1907106,2020
1126082,2020
2003975,2020
4281197,2020
1123803,2020
1136371,2020
1125898,2020
3207613,2020
4809920,2020
5381601,2020
1857760,2020
1121993,2020
1363908,2020
3068636,2020
1128590,2020
1127351,2020
1125290,2020
2144739,2020
2380948,2020
1124659,2020
2500719,2020
1125003,2020
1125740,2020
2234210,2020
1125674,2020
2466235,2020
2610766,2020
4394060,2020
4498726,2020
1123616,2020
3823901,2020
1122217,2020
1124284,2020
1134966,2020
1126484,2020
1122057,2020
4237998,2020
1125647,2020
1125553,2020
2359917,2020
1124435,2020
1495854,2020
1122990,2020
4404277,2020
1843558,2020
1125320,2020
1126671,2020
1843576,2020
2728438,2020
4035943,2020
1126747,2020
2360043,2020
1132793,2020
4465559,2020
3253825,2020
1124994,2020
1131406,2020
1126569,2020
3800658,2020
1495788,2020
1496244,2020
1122468,2020
1128200,2020
1129186,2020
1143128,2020
1123933,2020
5140929,2020
1123812,2020
3151426,2020
2734028,2020
1143904,2020
2623551,2020
1128246,2020
1143678,2020
1126523,2020
1123951,2020
1128769,2020
1142206,2020
2390013,2020
3027268,2020
5281989,2020
1827718,2020
1125580,2020
1128705,2020
4347301,2020
3802540,2020
2695688,2020
2359823,2020
4203425,2020
1126354,2020
4523440,2020
1246364,2020
1141348,2020
2351274,2020
1142868,2020
1121984,2020
2962344,2020
2851318,2020
1126626,2020
2631798,2020
1127155,2020
2665739,2020
1487327,2020
1124202,2020
1127548,2020
1128424,2020
1136540,2020
2130303,2020
1122422,2020
1121724,2020
1871588,2020
1128189,2020
1140789,2020
2176105,2020
1126466,2020
1246542,2020
3072594,2020
2839044,2020
1127409,2020
1129001,2020
3153260,2020
1124118,2020
1124574,2020
1121340,2020
1363748,2020
4792022,2020
1124613,2020
1122897,2020
5537079,2020
1124024,2020
1125124,2020
3072017,2020
1123821,2020
1126242,2020
5280133,2020
1125683,2020
2780717,2020
5331286,2020
1485800,2020
3537990,2020
3090842,2020
1125058,2020
1126493,2020
1128527,2020
1126877,2020
1495797,2020
3640434,2020
2359869,2020
1245246,2020
1139868,2020
2142324,2020
3800797,2020
3596269,2020
1126327,2020
2519805,2020
3374243,2020
2619059,2020
2613589,2020
3342411,2020
1132195,2020
1128723,2020
3348011,2020
3346624,2020
1144077,2020
1129159,2020
1127856,2020
1128497,2020
1124789,2020
1128817,2020
2848804,2020
1125441,2020
1125496,2020
1139251,2020
1124060,2020
1137686,2020
1126729,2020
1127436,2020
1417333,2020
2295837,2020
1123410,2020
1126046,2020
1125692,2020
1124622,2020
3613540,2020
3823965,2020
3288911,2020
1135039,2020
3344312,2020
1124369,2020
1126934,2020
1127306,2020
1125085,2020
1119794,2020
1128385,2020
1126372,2020
1128264,2020
2291727,2020
1842421,2020
2387152,2020
1125900,2020
1141580,2020
2161437,2020
2206842,2020
1128581,2020
1127847,2020
1449512,2020
2265867,2020
3270037,2020
3357068,2020
1925913,2020
1123719,2020
1128321,2020
1126318,2020
1135271,2020
1127986,2020
1142989,2020
1135048,2020
2892067,2020
1126112,2020
1126073,2020
1123018,2020
3042841,2020
1135619,2020
3025910,2020
1127650,2020
3271267,2020
2351359,2020
4247081,2020
1125245,2020
1125517,2020
1133660,2020
1427640,2020
1128554,2020
1124921,2020
1123111,2020
1128415,2019
1247576,2019
3368185,2019
1126738,2019
1134724,2019
1125254,2019
2067007,2019
1127146,2019
4974293,2019
1133781,2019
3047172,2019
3802858,2019
4520953,2019
2632571,2019
2433312,2019
1122301,2019
1123728,2019
4968368,2019
3435957,2019
2264020,2019
1129029,2019
1128639,2019
1128460,2019
3470088,2019
3802698,2019
4932798,2019
1134872,2019
1127799,2019
2533070,2019
4412151,2019
3917855,2019
1143511,2019
1122132,2019
5217915,2019
1919976,2019
3636389,2019
1363980,2019
1990087,2019
1128880,2019
1248162,2019
2238544,2019
1124163,2019
3308510,2019
1122310,2019
3378764,2019
1125544,2019
1127717,2019
2351247,2019
1516405,2019
1143922,2019
1127294,2019
1128451,2019
1133549,2019
1857779,2019
3184219,2019
1246805,2019
1128349,2019
1020920,2019
1127173,2019
1843688,2019
3485989,2019
1128228,2019
1122963,2019
1125030,2019
3559862,2019
1135114,2019
1127481,2019
1129047,2019
1964668,2019
1121966,2019
1129065,2019
3823929,2019
1122066,2019
1123287,2019
2253060,2019
1123782,2019
1246494,2019
2452630,2019
2354592,2019
1127182,2019
3139312,2019
1125423,2019
3435283,2019
1126989,2019
1134470,2019
1992335,2019
2860262,2019
1125151,2019
2752125,2019
1121229,2019
1126121,2019
2029368,2019
2265782,2019
3615272,2019
1124798,2019
2359328,2019
1125571,2019
1139103,2019
2359962,2019
2499082,2019
3304352,2019
1124097,2019
1246355,2019
4126609,2019
3133561,2019
2565950,2019
1134863,2019
1127687,2019
1943917,2019
1121881,2019
1128947,2019
1127771,2019
1124930,2019
2967358,2019
2622219,2019
1122178,2019
1126158,2019
1123791,2019
1123885,2019
2108227,2019
4264387,2019
1121788,2019
3362923,2019
1127016,2019
1127276,2019
1126037,2019
1842935,2019
1131237,2019
1978414,2019
1247969,2019
2252009,2019
1404687,2019
1128040,2019
1128666,2019
1140211,2019
1140266,2019
1123670,2019
1128899,2019
1125450,2019
1142952,2019
1122413,2019
1125357,2019
1248546,2019
2992396,2019
1134845,2019
2577159,2019
2880662,2019
1123401,2019
1137510,2019
1127940,2019
2399678,2019
1123072,2019
1128675,2019
1128330,2019
2323495,2019
1125432,2019
1143548,2019
1416671,2019
1857788,2019
1128134,2019
1247017,2019
2131373,2019
1128358,2019
1122534,2019
3314100,2019
1125795,2019
1857171,2019
1126185,2019
1133567,2019
1123858,2019
1127249,2019
1842551,2019
3223396,2019
1907106,2019
1126082,2019
2003975,2019
4281197,2019
1123803,2019
1136371,2019
1125898,2019
3207613,2019
4809920,2019
5381601,2019
1857760,2019
1121993,2019
1363908,2019
3068636,2019
1128590,2019
1127351,2019
1125290,2019
2144739,2019
2380948,2019
1124659,2019
2500719,2019
1125003,2019
1125740,2019
2234210,2019
1125674,2019
2466235,2019
2610766,2019
4394060,2019
4498726,2019
1123616,2019
3823901,2019
1122217,2019
1124284,2019
1134966,2019
1126484,2019
1122057,2019
4237998,2019
1125647,2019
1125553,2019
2359917,2019
1124435,2019
1495854,2019
1122990,2019
4404277,2019
1843558,2019
1125320,2019
1126671,2019
1843576,2019
2728438,2019
4035943,2019
1126747,2019
2360043,2019
1132793,2019
4465559,2019
3253825,2019
1124994,2019
1131406,2019
1126569,2019
3800658,2019
1495788,2019
1496244,2019
1122468,2019
1128200,2019
1129186,2019
1143128,2019
1123933,2019
5140929,2019
1123812,2019
3151426,2019
2734028,2019
1143904,2019
2623551,2019
1128246,2019
1143678,2019
1126523,2019
1123951,2019
1128769,2019
1142206,2019
2390013,2019
3027268,2019
3800667,2019
5281989,2019
1827718,2019
1125580,2019
1128705,2019
4347301,2019
3802540,2019
2695688,2019
2359823,2019
4203425,2019
1126354,2019
4523440,2019
1246364,2019
1141348,2019
2351274,2019
1142868,2019
1121984,2019
2962344,2019
2851318,2019
1126626,2019
2631798,2019
1127155,2019
2665739,2019
1124592,2019
1487327,2019
1124202,2019
1127548,2019
1128424,2019
1136540,2019
2130303,2019
1122422,2019
1121724,2019
1871588,2019
1128189,2019
1140789,2019
2176105,2019
1126466,2019
1246542,2019
3072594,2019
2839044,2019
1127409,2019
1129001,2019
3153260,2019
1124118,2019
1124574,2019
1121340,2019
1363748,2019
4792022,2019
1124613,2019
1122897,2019
1124024,2019
1125124,2019
3072017,2019
1123821,2019
1126242,2019
5280133,2019
1125683,2019
2780717,2019
1485800,2019
3537990,2019
3090842,2019
1125058,2019
1126493,2019
1128527,2019
1126877,2019
1495797,2019
3640434,2019
2359869,2019
1245246,2019
1139868,2019
2142324,2019
3800797,2019
3596269,2019
1126327,2019
2519805,2019
3374243,2019
2619059,2019
2613589,2019
3342411,2019
1132195,2019
1128723,2019
3348011,2019
3346624,2019
1144077,2019
1129159,2019
1127856,2019
1128497,2019
1124789,2019
1128817,2019
2848804,2019
1125441,2019
1125496,2019
1139251,2019
1124060,2019
1137686,2019
1126729,2019
1127436,2019
1417333,2019
2295837,2019
1123410,2019
1126046,2019
1125692,2019
1124622,2019
3613540,2019
3823965,2019
3288911,2019
1135039,2019
3344312,2019
1124369,2019
1126934,2019
1127306,2019
3556656,2019
1125085,2019
1119794,2019
1128385,2019
1126372,2019
1128264,2019
2291727,2019
1842421,2019
2387152,2019
1125900,2019
1141580,2019
2161437,2019
2206842,2019
1128581,2019
1127847,2019
1449512,2019
2265867,2019
3270037,2019
3357068,2019
1925913,2019
1123719,2019
1128321,2019
1126318,2019
1966215,2019
1135271,2019
1127986,2019
1142989,2019
1135048,2019
2892067,2019
1126112,2019
1126073,2019
1123018,2019
3042841,2019
1135619,2019
3025910,2019
1127650,2019
3271267,2019
2351359,2019
1126943,2019
4247081,2019
1125245,2019
1125517,2019
1133660,2019
1427640,2019
1128554,2019
1124921,2019
1123111,2019
1128415,2018
1247576,2018
3368185,2018
1126738,2018
1134724,2018
1125254,2018
2067007,2018
1127146,2018
4974293,2018
1133781,2018
3047172,2018
3802858,2018
4520953,2018
2632571,2018
1122301,2018
1123728,2018
4968368,2018
1122048,2018
2264020,2018
1129029,2018
1128639,2018
1128460,2018
3470088,2018
3802698,2018
4932798,2018
1134872,2018
1127799,2018
2533070,2018
4412151,2018
3917855,2018
1143511,2018
1134573,2018
1122132,2018
5217915,2018
1919976,2018
3636389,2018
2270834,2018
1363980,2018
1990087,2018
1128880,2018
3398070,2018
1248162,2018
2238544,2018
1124163,2018
3308510,2018
1122310,2018
3378764,2018
1125544,2018
1127717,2018
2351247,2018
1516405,2018
1143922,2018
1127294,2018
1123700,2018
1128451,2018
1133549,2018
1857779,2018
3184219,2018
1246805,2018
1128349,2018
1020920,2018
1127173,2018
1843688,2018
3485989,2018
1128228,2018
1122963,2018
1125030,2018
3559862,2018
1127481,2018
1964668,2018
1129047,2018
1121966,2018
1129065,2018
3823929,2018
3825929,2018
1122066,2018
1123287,2018
2253060,2018
1135114,2018
1123782,2018
1246494,2018
2452630,2018
2354592,2018
1127182,2018
3139312,2018
1125423,2018
3435283,2018
1126989,2018
1134470,2018
1992335,2018
1126907,2018
2860262,2018
1125151,2018
2752125,2018
1121229,2018
1126121,2018
2029368,2018
2265782,2018
3615272,2018
1124798,2018
2359328,2018
1125571,2018
1139103,2018
2359962,2018
2499082,2018
3304352,2018
1124097,2018
1246355,2018
4126609,2018
3133561,2018
2565950,2018
1134863,2018
1127687,2018
1943917,2018
1121881,2018
1128947,2018
1127771,2018
1124930,2018
2967358,2018
2622219,2018
1122178,2018
1126158,2018
1123791,2018
1123885,2018
2108227,2018
4264387,2018
1121788,2018
3362923,2018
1127016,2018
1127276,2018
1126037,2018
3595440,2018
1842935,2018
1131237,2018
1978414,2018
1247969,2018
2252009,2018
1404687,2018
1128040,2018
1128666,2018
1140211,2018
1140266,2018
1123670,2018
1128899,2018
1125450,2018
1142952,2018
1122413,2018
1125357,2018
1248546,2018
2992396,2018
1134845,2018
2577159,2018
2880662,2018
1123401,2018
1137510,2018
1127940,2018
2399678,2018
1123072,2018
1128675,2018
1128330,2018
2323495,2018
1125432,2018
1143548,2018
1416671,2018
1857788,2018
1128134,2018
1247017,2018
2131373,2018
1128358,2018
1122534,2018
3314100,2018
1125795,2018
1857171,2018
1126185,2018
1133567,2018
1123858,2018
1127249,2018
1842551,2018
3223396,2018
1907106,2018
1126082,2018
2003975,2018
4281197,2018
1123803,2018
1136371,2018
1125898,2018
3207613,2018
4809920,2018
1857760,2018
1121993,2018
1363908,2018
3068636,2018
1128086,2018
3435957,2018
1863659,2018
1128590,2018
1127351,2018
1125290,2018
2144739,2018
3481776,2018
2380948,2018
1124659,2018
2500719,2018
1125003,2018
1125740,2018
2234210,2018
1125674,2018
2466235,2018
2610766,2018
4394060,2018
4498726,2018
1123616,2018
3823901,2018
1122217,2018
1124284,2018
1134966,2018
1126484,2018
1122057,2018
4237998,2018
1125647,2018
1125553,2018
2359917,2018
1124435,2018
1495854,2018
1122990,2018
4404277,2018
1843558,2018
1125320,2018
1126671,2018
1843576,2018
2728438,2018
4035943,2018
1126747,2018
2360043,2018
1132793,2018
4465559,2018
3253825,2018
1124994,2018
1131406,2018
1126569,2018
3800658,2018
1495788,2018
1496244,2018
1122468,2018
1128200,2018
1129186,2018
1143128,2018
1123933,2018
5140929,2018
1123812,2018
3151426,2018
2734028,2018
1143904,2018
2623551,2018
1128246,2018
1143678,2018
1126523,2018
1127324,2018
1123951,2018
1126831,2018
1128769,2018
1142206,2018
2390013,2018
3027268,2018
3800667,2018
5281989,2018
1827718,2018
1125580,2018
1128705,2018
4347301,2018
3802540,2018
2695688,2018
2807100,2018
2359823,2018
4203425,2018
1126354,2018
4523440,2018
1246364,2018
1141348,2018
2351274,2018
1142868,2018
1121984,2018
2962344,2018
2851318,2018
1126626,2018
2631798,2018
1127155,2018
2665739,2018
1124592,2018
1487327,2018
1124202,2018
1127548,2018
1128424,2018
1136540,2018
2130303,2018
1122422,2018
1121724,2018
1871588,2018
1128189,2018
2176105,2018
1126466,2018
1246542,2018
3072594,2018
2839044,2018
1127409,2018
1129001,2018
3153260,2018
1124118,2018
1124574,2018
1124967,2018
1121340,2018
1363748,2018
1122543,2018
4792022,2018
1124613,2018
1122897,2018
1124024,2018
1125124,2018
3072017,2018
1123821,2018
1126242,2018
5280133,2018
1125683,2018
2780717,2018
1485800,2018
3537990,2018
3090842,2018
1122981,2018
1125058,2018
1126493,2018
1128527,2018
1126877,2018
1495797,2018
3640434,2018
2359869,2018
1245246,2018
1139868,2018
2142324,2018
3800797,2018
3596269,2018
1126327,2018
2519805,2018
3374243,2018
2619059,2018
2613589,2018
3342411,2018
1132195,2018
1128723,2018
3348011,2018
3346624,2018
1144077,2018
1126617,2018
1129159,2018
1127856,2018
1128497,2018
1124789,2018
1128817,2018
2848804,2018
1125441,2018
1125496,2018
1139251,2018
1124060,2018
1137686,2018
1126729,2018
1127436,2018
1417333,2018
2295837,2018
1123410,2018
1126046,2018
1125692,2018
1124622,2018
3613540,2018
3823965,2018
2389941,2018
3288911,2018
1135039,2018
3344312,2018
1124369,2018
1126934,2018
1127306,2018
3556656,2018
1125085,2018
1119794,2018
1128385,2018
1126372,2018
1128264,2018
2291727,2018
1842421,2018
2387152,2018
1125900,2018
1141580,2018
2161437,2018
2206842,2018
1128581,2018
1127847,2018
1449512,2018
2265867,2018
3270037,2018
3357068,2018
1925913,2018
1123719,2018
1128321,2018
1126318,2018
1966215,2018
1135271,2018
1127986,2018
1142989,2018
1135048,2018
2892067,2018
1126112,2018
1126073,2018
1123018,2018
3042841,2018
1135619,2018
3025910,2018
1127650,2018
3271267,2018
2351359,2018
1126943,2018
4247081,2018
1125245,2018
1125517,2018
1133660,2018
1427640,2018
1128554,2018
1124921,2018
1123111,2018
1128415,2017
1247576,2017
3368185,2017
1126738,2017
1134724,2017
1125254,2017
2067007,2017
1127146,2017
4974293,2017
1133781,2017
3047172,2017
3802858,2017
4520953,2017
2632571,2017
1122301,2017
1123728,2017
4968368,2017
1127539,2017
1122048,2017
2264020,2017
1129029,2017
1128639,2017
1128460,2017
3470088,2017
3802698,2017
4932798,2017
1134872,2017
1127799,2017
2533070,2017
4412151,2017
3917855,2017
1143511,2017
1134573,2017
1122132,2017
1919976,2017
3636389,2017
2270834,2017
1363980,2017
1990087,2017
1128880,2017
3398070,2017
1248162,2017
2238544,2017
1124163,2017
1124163,2017
3308510,2017
1122310,2017
3378764,2017
1125544,2017
1127717,2017
2351247,2017
1516405,2017
1143922,2017
1127294,2017
1123700,2017
1128451,2017
1133549,2017
1857779,2017
3184219,2017
1246805,2017
1128349,2017
1020920,2017
1127173,2017
1843688,2017
3485989,2017
1128228,2017
1122963,2017
1125030,2017
3559862,2017
1135114,2017
1127481,2017
1964668,2017
1129047,2017
1121966,2017
1129065,2017
3823929,2017
1122066,2017
1123287,2017
2253060,2017
1123782,2017
1246494,2017
2452630,2017
2354592,2017
1127182,2017
3139312,2017
1125423,2017
3435283,2017
1126989,2017
1134470,2017
1992335,2017
1126907,2017
2860262,2017
1125151,2017
2752125,2017
1126121,2017
2121543,2017
2029368,2017
2265782,2017
3615272,2017
1124798,2017
1121229,2017
2359328,2017
1125571,2017
1139103,2017
2359962,2017
2499082,2017
1125021,2017
3304352,2017
1124097,2017
1246355,2017
4126609,2017
3133561,2017
2565950,2017
1134863,2017
1127687,2017
1943917,2017
1121881,2017
1128947,2017
1127771,2017
1124930,2017
2967358,2017
2622219,2017
1122178,2017
1126158,2017
1123791,2017
1123885,2017
2108227,2017
4264387,2017
1121788,2017
3362923,2017
1127016,2017
1127276,2017
1126037,2017
3595440,2017
1842935,2017
1131237,2017
1978414,2017
1247969,2017
2252009,2017
1404687,2017
1128040,2017
1128666,2017
1140211,2017
1140266,2017
1123670,2017
1128899,2017
1125450,2017
1142952,2017
1122413,2017
1125357,2017
1248546,2017
2992396,2017
1134845,2017
2577159,2017
2880662,2017
1123401,2017
1137510,2017
1127940,2017
2399678,2017
1124471,2017
1123072,2017
1128675,2017
1128330,2017
2323495,2017
1125432,2017
1143548,2017
1416671,2017
1857788,2017
1128134,2017
1247017,2017
2131373,2017
1128358,2017
1122534,2017
3314100,2017
1125795,2017
1857171,2017
1126185,2017
1133567,2017
1123858,2017
1127249,2017
1842551,2017
3223396,2017
1907106,2017
1126082,2017
2003975,2017
4281197,2017
1123803,2017
1136371,2017
1125898,2017
3207613,2017
4809920,2017
1857760,2017
1121993,2017
1363908,2017
3068636,2017
1128086,2017
3435957,2017
1863659,2017
1128590,2017
1127351,2017
1125290,2017
2144739,2017
3481776,2017
2380948,2017
1124659,2017
2500719,2017
1125003,2017
1125740,2017
2234210,2017
1125674,2017
2466235,2017
1122075,2017
2610766,2017
4394060,2017
4498726,2017
1123616,2017
3823901,2017
1122217,2017
1124284,2017
1134966,2017
3613504,2017
1126484,2017
1122057,2017
4237998,2017
1125647,2017
1125553,2017
2359917,2017
1124435,2017
2564047,2017
1495854,2017
1121957,2017
1122990,2017
4404277,2017
1843558,2017
1123915,2017
1125320,2017
1126671,2017
1843576,2017
2728438,2017
4035943,2017
1126747,2017
2360043,2017
1132793,2017
4465559,2017
3253825,2017
1124994,2017
1131406,2017
1126569,2017
3800658,2017
1495788,2017
1496244,2017
1122468,2017
1128200,2017
1129186,2017
1143128,2017
1123933,2017
1127959,2017
1123812,2017
3151426,2017
2734028,2017
1143904,2017
2623551,2017
1128246,2017
1143678,2017
1126523,2017
1127324,2017
1123951,2017
1126831,2017
1128769,2017
1142206,2017
2217503,2017
2390013,2017
3027268,2017
3800667,2017
1827718,2017
1125580,2017
1128705,2017
4347301,2017
3802540,2017
2695688,2017
1126644,2017
2807100,2017
2359823,2017
4203425,2017
1126354,2017
4523440,2017
1246364,2017
1141348,2017
2351274,2017
1142868,2017
1121984,2017
2962344,2017
2851318,2017
1126626,2017
2631798,2017
1127155,2017
2907859,2017
2665739,2017
1124592,2017
1487327,2017
1124202,2017
1127548,2017
1128424,2017
1136540,2017
2130303,2017
1842971,2017
1122422,2017
1121724,2017
1871588,2017
1128189,2017
2176105,2017
1126466,2017
1246542,2017
3072594,2017
2839044,2017
1127409,2017
1129001,2017
3153260,2017
1124118,2017
1124574,2017
1124967,2017
1121340,2017
1363748,2017
1122543,2017
4792022,2017
1124613,2017
1122897,2017
1124024,2017
1125124,2017
3072017,2017
1123821,2017
1126242,2017
2765282,2017
1125683,2017
2780717,2017
1417445,2017
1135552,2017
1485800,2017
3537990,2017
3090842,2017
1122516,2017
1122981,2017
1125058,2017
1126493,2017
1128527,2017
1126877,2017
1495797,2017
2939690,2017
3640434,2017
2359869,2017
1245246,2017
1139868,2017
1891344,2017
2142324,2017
3800797,2017
3596269,2017
1126327,2017
2070584,2017
2519805,2017
3374243,2017
2619059,2017
2613589,2017
3342411,2017
1132195,2017
1128723,2017
3348011,2017
1122824,2017
3346624,2017
1144077,2017
1126617,2017
1129159,2017
1127856,2017
1128497,2017
1124789,2017
1128817,2017
2848804,2017
1125441,2017
1125496,2017
1139251,2017
5087743,2017
1124060,2017
1137686,2017
1126729,2017
1127436,2017
1417333,2017
2295837,2017
1123410,2017
1126046,2017
1125692,2017
1124622,2017
3613540,2017
3823965,2017
2389941,2017
3288911,2017
1135039,2017
3344312,2017
1124369,2017
1126934,2017
1127306,2017
3556656,2017
1128059,2017
1125085,2017
1119794,2017
1128385,2017
2593506,2017
1126372,2017
1128264,2017
2291727,2017
3682537,2017
1842421,2017
2387152,2017
1206797,2017
1125900,2017
1141580,2017
2161437,2017
3049680,2017
2206842,2017
1128581,2017
1127847,2017
1449512,2017
2265867,2017
3270037,2017
3357068,2017
1128983,2017
1925913,2017
1123719,2017
1128321,2017
1126318,2017
1966215,2017
1135271,2017
1127986,2017
1142989,2017
1135048,2017
2892067,2017
1126112,2017
1126073,2017
1123018,2017
3042841,2017
1135619,2017
3025910,2017
1127650,2017
3271267,2017
2351359,2017
1126943,2017
4247081,2017
1125245,2017
1125517,2017
1133660,2017
1427640,2017
1128554,2017
1124921,2017
1123111,2017
1128415,2016
1247576,2016
3368185,2016
1126738,2016
1134724,2016
1125254,2016
2067007,2016
1127146,2016
4974293,2016
1133781,2016
3047172,2016
3802858,2016
4520953,2016
2632571,2016
1126475,2016
1122301,2016
1123728,2016
4968368,2016
1127539,2016
1122048,2016
2264020,2016
1129029,2016
1128639,2016
1128460,2016
3470088,2016
3802698,2016
4932798,2016
1134872,2016
1127799,2016
2533070,2016
4412151,2016
3917855,2016
1143511,2016
1134573,2016
1122132,2016
1919976,2016
3636389,2016
2270834,2016
1363980,2016
1990087,2016
1128880,2016
3398070,2016
1248162,2016
2238544,2016
1124163,2016
3308510,2016
1122310,2016
3378764,2016
1125544,2016
1127717,2016
2351247,2016
1516405,2016
1143922,2016
1127294,2016
1123700,2016
1128451,2016
1133549,2016
1857779,2016
3184219,2016
1246805,2016
1128349,2016
1020920,2016
1127173,2016
1133697,2016
1843688,2016
3485989,2016
1128228,2016
1122963,2016
1125030,2016
1951350,2016
3559862,2016
1135114,2016
1127481,2016
1964668,2016
1129047,2016
1121966,2016
1129065,2016
3823929,2016
1122066,2016
1123287,2016
2253060,2016
1123782,2016
1246494,2016
2452630,2016
2354592,2016
1127182,2016
3139312,2016
1125423,2016
3435283,2016
1126989,2016
1134470,2016
1992335,2016
1126907,2016
2860262,2016
1125151,2016
2752125,2016
1121229,2016
1126121,2016
2121543,2016
2029368,2016
2265782,2016
3615272,2016
1124798,2016
2359328,2016
1125571,2016
1139103,2016
2359962,2016
2499082,2016
1125021,2016
3304352,2016
1124097,2016
1246355,2016
1127913,2016
4126609,2016
3133561,2016
2565950,2016
1134863,2016
1127687,2016
1943917,2016
1121881,2016
1128947,2016
1127771,2016
1124930,2016
2967358,2016
2561840,2016
2622219,2016
1122178,2016
1126158,2016
1123791,2016
1123885,2016
2108227,2016
2330288,2016
1121788,2016
3362923,2016
1127016,2016
1127276,2016
1126037,2016
3595440,2016
1135860,2016
1842935,2016
1126206,2016
1131237,2016
1978414,2016
1247969,2016
2252009,2016
1404687,2016
1128040,2016
1128666,2016
1140211,2016
1140266,2016
1123670,2016
1128899,2016
1125450,2016
1142952,2016
1122413,2016
1125357,2016
1248546,2016
2992396,2016
1134845,2016
2577159,2016
2880662,2016
1123401,2016
1137510,2016
1127940,2016
2410582,2016
2399678,2016
1123737,2016
1124471,2016
1123072,2016
1128675,2016
1128330,2016
2323495,2016
1125432,2016
1143548,2016
1416671,2016
2352495,2016
3519316,2016
1857788,2016
1128134,2016
1247017,2016
2131373,2016
1128358,2016
1122534,2016
1136933,2016
3314100,2016
1125795,2016
1857171,2016
1126185,2016
1133567,2016
1123858,2016
1127249,2016
1842551,2016
3223396,2016
1907106,2016
1126082,2016
2003975,2016
4281197,2016
1123803,2016
1136371,2016
1125898,2016
3207613,2016
4809920,2016
1857760,2016
1121993,2016
1363908,2016
3068636,2016
1128086,2016
3435957,2016
1863659,2016
1128590,2016
1127351,2016
1125290,2016
2144739,2016
3481776,2016
2380948,2016
1124659,2016
2500719,2016
1125003,2016
1125740,2016
2234210,2016
1125674,2016
2466235,2016
1122075,2016
2610766,2016
4394060,2016
4498726,2016
1123616,2016
3823901,2016
1122217,2016
1124284,2016
1134966,2016
3613504,2016
1126484,2016
1122057,2016
4237998,2016
1125647,2016
1125553,2016
2359917,2016
1124435,2016
2564047,2016
1495854,2016
1121957,2016
1122990,2016
4404277,2016
1843558,2016
1123915,2016
1125320,2016
1126671,2016
1843576,2016
2728438,2016
4035943,2016
1126747,2016
2360043,2016
1132793,2016
4465559,2016
3253825,2016
1124994,2016
1206658,2016
1131406,2016
1126569,2016
3800658,2016
1495788,2016
1496244,2016
1122468,2016
1128200,2016
1129186,2016
1143128,2016
1123933,2016
1127959,2016
1123812,2016
3151426,2016
2734028,2016
1143904,2016
2623551,2016
1128246,2016
1143678,2016
1126523,2016
1127324,2016
1123951,2016
1126831,2016
1128769,2016
1142206,2016
2217503,2016
3027268,2016
3800667,2016
1827718,2016
1125580,2016
1128705,2016
4347301,2016
3802540,2016
2695688,2016
1126644,2016
2807100,2016
2359823,2016
4203425,2016
1126354,2016
4253440,2016
1246364,2016
1141348,2016
2351274,2016
1142868,2016
1121984,2016
2962344,2016
2851318,2016
1126626,2016
2631798,2016
1127155,2016
2907859,2016
2665739,2016
1124592,2016
1487327,2016
1124202,2016
1127548,2016
1128424,2016
1136540,2016
2130303,2016
1842971,2016
1122422,2016
1121724,2016
1871588,2016
1128189,2016
2176105,2016
1126466,2016
1246542,2016
3072594,2016
2839044,2016
1127409,2016
1129001,2016
3153260,2016
1124118,2016
1124574,2016
1124967,2016
1121340,2016
1363748,2016
1122543,2016
4792022,2016
1124613,2016
1122897,2016
1124903,2016
1124024,2016
1125124,2016
3072017,2016
1123821,2016
1126242,2016
2765282,2016
1125683,2016
2780717,2016
1417445,2016
1135552,2016
1485800,2016
3537990,2016
3090842,2016
1122516,2016
1122981,2016
1125058,2016
1126493,2016
1128527,2016
1126877,2016
1495797,2016
2939690,2016
3640434,2016
2359869,2016
1245246,2016
1139868,2016
1891344,2016
2142324,2016
3800797,2016
3596269,2016
1126327,2016
2070584,2016
2519805,2016
3374243,2016
1827914,2016
2619059,2016
2613589,2016
3342411,2016
1132195,2016
1128723,2016
3348011,2016
1122824,2016
3346624,2016
1144077,2016
1126617,2016
1129159,2016
1128255,2016
1127856,2016
1128497,2016
1124789,2016
1128817,2016
2848804,2016
1200348,2016
1125441,2016
1125496,2016
1139251,2016
3207912,2016
1124060,2016
1137686,2016
1126729,2016
1127436,2016
1417333,2016
2295837,2016
1123410,2016
1126046,2016
1125692,2016
1124622,2016
3613540,2016
3823965,2016
2389941,2016
3288911,2016
1135039,2016
3344312,2016
1124369,2016
1126934,2016
1127306,2016
3556656,2016
1128059,2016
1125085,2016
1119794,2016
1128385,2016
2593506,2016
1126372,2016
1128264,2016
2291727,2016
3682537,2016
1842421,2016
2387152,2016
1206797,2016
1141580,2016
2161437,2016
3049680,2016
2206842,2016
1128581,2016
1127847,2016
1449512,2016
2265867,2016
3270037,2016
3357068,2016
1128983,2016
1925913,2016
1123719,2016
1128321,2016
1126318,2016
1966215,2016
1135271,2016
1127986,2016
1142989,2016
1135048,2016
2892067,2016
1126112,2016
1126073,2016
2500737,2016
1123018,2016
3042841,2016
1135619,2016
3025910,2016
1127650,2016
3271267,2016
2351359,2016
1126943,2016
4247081,2016
1125245,2016
1125517,2016
1133660,2016
1427640,2016
1128554,2016
1124921,2016
1123111,2016
1128415,2015
1247576,2015
3368185,2015
1126738,2015
1134724,2015
1125254,2015
2067007,2015
1127146,2015
1133781,2015
3047172,2015
3802858,2015
4520953,2015
2632571,2015
1126475,2015
1122301,2015
1123728,2015
1127539,2015
1122048,2015
2183943,2015
2264020,2015
1129029,2015
1128639,2015
1128460,2015
3470088,2015
3802698,2015
4932798,2015
1134872,2015
1127799,2015
2533070,2015
4412151,2015
3917855,2015
1143511,2015
1134573,2015
1122132,2015
1919976,2015
3636389,2015
2270834,2015
1363980,2015
1990087,2015
1128880,2015
3398070,2015
1248162,2015
2238544,2015
1124163,2015
3308510,2015
1122310,2015
3378764,2015
1125544,2015
1127717,2015
2351247,2015
1516405,2015
1143922,2015
1127294,2015
1123700,2015
1128451,2015
1133549,2015
1857779,2015
3184219,2015
1246805,2015
1128349,2015
1020920,2015
1127173,2015
1133697,2015
1843688,2015
3485989,2015
1128228,2015
1122963,2015
1125030,2015
3559862,2015
1135114,2015
1127481,2015
1964668,2015
1129047,2015
1121966,2015
1129065,2015
3823929,2015
1122066,2015
1123287,2015
2253060,2015
1123782,2015
1246494,2015
2452630,2015
2354592,2015
1127182,2015
3139312,2015
1125423,2015
3435283,2015
1126989,2015
1134470,2015
1992335,2015
1126907,2015
2860262,2015
1125151,2015
2752125,2015
1121229,2015
1126121,2015
2121543,2015
2029368,2015
2265782,2015
3615272,2015
1124798,2015
2359328,2015
1125571,2015
1139103,2015
2359962,2015
2499082,2015
1125021,2015
3304352,2015
1124097,2015
1246355,2015
1129243,2015
1127913,2015
4126609,2015
3133561,2015
2565950,2015
1134863,2015
1128693,2015
1127687,2015
1943917,2015
1121881,2015
2858979,2015
1128947,2015
1127771,2015
1124930,2015
2967358,2015
2561840,2015
2211136,2015
2622219,2015
1122178,2015
1126158,2015
3800630,2015
1123791,2015
1123885,2015
2108227,2015
4264387,2015
2330288,2015
1121788,2015
3362923,2015
1127016,2015
1127276,2015
1126037,2015
3595440,2015
1135860,2015
1842935,2015
1126206,2015
1131237,2015
1978414,2015
1247969,2015
2252009,2015
1404687,2015
1128040,2015
1128666,2015
1140211,2015
1140266,2015
1123670,2015
1128899,2015
1125450,2015
1142952,2015
1122413,2015
1125357,2015
1248546,2015
2992396,2015
1134845,2015
2577159,2015
2880662,2015
1123401,2015
1137510,2015
1127940,2015
2410582,2015
2399678,2015
1123737,2015
1124471,2015
1123072,2015
1128675,2015
1127892,2015
1128330,2015
2323495,2015
1125432,2015
1143548,2015
1416671,2015
2352495,2015
3519316,2015
1857788,2015
1128134,2015
1247017,2015
2131373,2015
1128358,2015
1122534,2015
1136933,2015
3314100,2015
1125795,2015
1847171,2015
1125478,2015
1126185,2015
1133567,2015
1123858,2015
1127249,2015
1842551,2015
3223396,2015
1907106,2015
1126082,2015
2003975,2015
4281197,2015
1123803,2015
1136371,2015
1125898,2015
3207613,2015
4809920,2015
1857760,2015
1121993,2015
1363908,2015
3068636,2015
1128086,2015
1126381,2015
3435957,2015
1863659,2015
1128590,2015
1127351,2015
1125290,2015
2144739,2015
3481776,2015
2500700,2015
2380948,2015
1124659,2015
2500719,2015
1125003,2015
1125740,2015
2234210,2015
1125674,2015
2466235,2015
1122075,2015
2610766,2015
4394060,2015
4498726,2015
1123616,2015
3823901,2015
1122217,2015
1124284,2015
1134966,2015
3613504,2015
1126484,2015
1122057,2015
4237998,2015
1125647,2015
1125553,2015
2359917,2015
1124435,2015
2564047,2015
1495854,2015
1121957,2015
1122990,2015
4404277,2015
1843558,2015
1123915,2015
1125320,2015
1126671,2015
1843576,2015
2728438,2015
4035943,2015
1126747,2015
2360043,2015
1132793,2015
4465559,2015
3253825,2015
1124994,2015
4815631,2015
1131406,2015
1131880,2015
1126569,2015
1495788,2015
1496244,2015
1122468,2015
1128200,2015
1129186,2015
1143128,2015
1123933,2015
1127959,2015
1123812,2015
3151426,2015
2734028,2015
1143904,2015
2623551,2015
1128246,2015
1143678,2015
1126523,2015
1127324,2015
1123951,2015
1126831,2015
1128769,2015
1142206,2015
2217503,2015
3027268,2015
3800667,2015
1827718,2015
1125580,2015
1128705,2015
4347301,2015
3802540,2015
2695688,2015
1126644,2015
2807100,2015
2359823,2015
4449465,2015
4203425,2015
1126354,2015
4523440,2015
1246364,2015
1141348,2015
2351274,2015
1142868,2015
1121984,2015
2962344,2015
2851318,2015
1126626,2015
2631798,2015
1127155,2015
2907859,2015
2665739,2015
1124592,2015
1487327,2015
1124202,2015
1127548,2015
1128424,2015
1136540,2015
2130303,2015
1842971,2015
1122422,2015
1121724,2015
1871588,2015
1123652,2015
1128189,2015
2176105,2015
1126466,2015
1246542,2015
3072594,2015
2839044,2015
1140088,2015
1127409,2015
1129001,2015
3153260,2015
1124118,2015
1124574,2015
1020751,2015
1124967,2015
1121340,2015
1363748,2015
1122543,2015
4792022,2015
1124613,2015
1122897,2015
1124903,2015
1124024,2015
1125124,2015
3072017,2015
1123821,2015
1126242,2015
2765282,2015
1125683,2015
2780717,2015
1417445,2015
1135552,2015
1485800,2015
3537990,2015
3090842,2015
1122516,2015
1122981,2015
1125058,2015
1126493,2015
1128527,2015
1126877,2015
2514828,2015
1495797,2015
2939690,2015
3640434,2015
2359869,2015
1245246,2015
1139868,2015
1891344,2015
2142324,2015
3800797,2015
3596269,2015
1126327,2015
2070584,2015
2519805,2015
3374243,2015
2619059,2015
2613589,2015
3342411,2015
1132195,2015
1128723,2015
3348011,2015
1122824,2015
3346624,2015
1144077,2015
1126617,2015
1129159,2015
1128255,2015
1127856,2015
1128497,2015
1124789,2015
1128817,2015
2848804,2015
1125441,2015
1125496,2015
1139251,2015
3207912,2015
1124060,2015
1134247,2015
1128750,2015
1137686,2015
1126729,2015
1127436,2015
1417333,2015
2295837,2015
1123410,2015
1126046,2015
3393815,2015
1125692,2015
1124622,2015
3613540,2015
3823965,2015
2389941,2015
3288911,2015
1135039,2015
3344312,2015
1124369,2015
1126934,2015
1139943,2015
1127306,2015
3556656,2015
1128059,2015
1125085,2015
1119794,2015
1128385,2015
2593506,2015
1126372,2015
1128264,2015
2291727,2015
3682537,2015
1842421,2015
2387152,2015
1141580,2015
2161437,2015
1128871,2015
3049680,2015
2206842,2015
1128581,2015
1127847,2015
1449512,2015
2265867,2015
3270037,2015
3357068,2015
1128987,2015
1925913,2015
1123719,2015
1128321,2015
1126318,2015
1966215,2015
1135271,2015
1127986,2015
1142989,2015
1135048,2015
2892067,2015
1126112,2015
1126073,2015
2500737,2015
1123018,2015
3042841,2015
1135619,2015
3025910,2015
1127650,2015
3271267,2015
2351359,2015
1126943,2015
4247081,2015
1125245,2015
1126297,2015
1125517,2015
1133660,2015
1427640,2015
1128554,2015
1124921,2015
1123111,2015
1128415,2014
1247576,2014
3368185,2014
1884122,2014
1126738,2014
1134724,2014
1125254,2014
2067007,2014
1127146,2014
1133781,2014
2173720,2014
3047172,2014
3802858,2014
4520953,2014
2632571,2014
1126475,2014
1122301,2014
1123728,2014
1127539,2014
1122048,2014
2183943,2014
2264020,2014
1129029,2014
1128639,2014
1128460,2014
3470088,2014
3802698,2014
1134872,2014
1127799,2014
2533070,2014
4412151,2014
1143511,2014
1134573,2014
1122132,2014
1919976,2014
3636389,2014
2270834,2014
1363980,2014
1990087,2014
1128880,2014
3398070,2014
1399523,2014
1248162,2014
2238544,2014
3308510,2014
1122310,2014
3378764,2014
1125544,2014
1127717,2014
2351247,2014
1516405,2014
1143922,2014
1127294,2014
1123700,2014
1128451,2014
1133549,2014
1857779,2014
3184219,2014
1246805,2014
1250295,2014
1128349,2014
1020920,2014
1127173,2014
1133697,2014
1843688,2014
3485989,2014
1128228,2014
1122963,2014
1125030,2014
3559862,2014
1135114,2014
1127481,2014
1964668,2014
1129047,2014
1121966,2014
1129065,2014
3823929,2014
1122066,2014
1123287,2014
2253060,2014
1123782,2014
2452630,2014
2354592,2014
1127182,2014
3139312,2014
2900083,2014
1127052,2014
1125423,2014
3435283,2014
1126989,2014
1134470,2014
1992335,2014
1126907,2014
2860262,2014
1125151,2014
2752125,2014
1121229,2014
1126121,2014
2121543,2014
2029368,2014
2265782,2014
3615272,2014
1124798,2014
2359328,2014
1125571,2014
1139103,2014
2359962,2014
2499082,2014
1125021,2014
3304352,2014
1124097,2014
3039430,2014
1246355,2014
1129243,2014
1127913,2014
4126609,2014
3133561,2014
2565950,2014
1134863,2014
3870240,2014
1128693,2014
1127687,2014
1943917,2014
1121881,2014
2858979,2014
1128947,2014
1127771,2014
1124930,2014
2967358,2014
2561840,2014
2211136,2014
2622219,2014
1122178,2014
1126158,2014
3800630,2014
1123791,2014
1123885,2014
2108227,2014
4264387,2014
1126952,2014
2330288,2014
1121788,2014
3362923,2014
1127016,2014
1127276,2014
1126037,2014
3195055,2014
3595440,2014
1135860,2014
1842935,2014
1127070,2014
1126206,2014
1131237,2014
1978414,2014
1247969,2014
2252009,2014
1404687,2014
1128040,2014
1128666,2014
1140211,2014
1140266,2014
1123670,2014
1128899,2014
1125450,2014
1142952,2014
1122413,2014
1125357,2014
1248546,2014
2992396,2014
1134845,2014
2577159,2014
2880662,2014
1123401,2014
1137510,2014
1127940,2014
2399678,2014
1123737,2014
1124471,2014
1123072,2014
1128675,2014
1127892,2014
1128330,2014
2323495,2014
1125432,2014
1143548,2014
1416671,2014
2352495,2014
3519316,2014
1857788,2014
1128134,2014
1247017,2014
2131373,2014
1128358,2014
1122534,2014
1136933,2014
3314100,2014
1125795,2014
1857171,2014
1125478,2014
1126185,2014
1123858,2014
1127249,2014
1842551,2014
3223396,2014
1907106,2014
1126082,2014
2003975,2014
4281197,2014
1123803,2014
1136371,2014
1125898,2014
3207613,2014
1857760,2014
1121993,2014
1363908,2014
3068636,2014
1128086,2014
1127865,2014
1126381,2014
3435957,2014
1863659,2014
1128590,2014
1127351,2014
1125290,2014
2144739,2014
3481776,2014
2500700,2014
2380948,2014
1124659,2014
2500719,2014
1125003,2014
1122776,2014
1125740,2014
2234210,2014
1125197,2014
1125674,2014
2466235,2014
1122075,2014
2610766,2014
4394060,2014
4498726,2014
1123616,2014
3823901,2014
1122217,2014
1124284,2014
1134966,2014
3613504,2014
1126484,2014
1952898,2014
1122057,2014
4237998,2014
1125647,2014
1125553,2014
2359917,2014
1124435,2014
2564047,2014
1495854,2014
1121957,2014
1122990,2014
4404277,2014
1843558,2014
1123915,2014
1125320,2014
1126671,2014
1843576,2014
2728438,2014
4035943,2014
1126747,2014
2360043,2014
1132793,2014
4465559,2014
1124462,2014
3253825,2014
1124994,2014
1131406,2014
1124088,2014
1131880,2014
1126569,2014
1495788,2014
1496244,2014
1122468,2014
1128200,2014
1129186,2014
1143128,2014
1123933,2014
1127959,2014
1123812,2014
3151426,2014
2734028,2014
1143904,2014
1123193,2014
2623551,2014
1128246,2014
1143678,2014
1126523,2014
1127324,2014
1123951,2014
1126831,2014
1128769,2014
1142206,2014
2217503,2014
3027268,2014
3800667,2014
1827718,2014
1125580,2014
1128705,2014
4347301,2014
3802540,2014
2695688,2014
1126644,2014
2807100,2014
2359823,2014
4449465,2014
4203425,2014
1126354,2014
4523440,2014
1246364,2014
1141348,2014
1123661,2014
2351274,2014
1142868,2014
1121984,2014
2962344,2014
2851318,2014
1126626,2014
2631798,2014
1127155,2014
2907859,2014
2635739,2014
1124592,2014
1487327,2014
1124202,2014
1127548,2014
1128424,2014
1136540,2014
2130303,2014
1842971,2014
1122422,2014
1121724,2014
1871588,2014
1123652,2014
1128189,2014
2176105,2014
1126466,2014
1246542,2014
3072594,2014
2839044,2014
1140088,2014
1127409,2014
1129001,2014
3153260,2014
1124118,2014
1124574,2014
1020751,2014
1124967,2014
1121340,2014
1363748,2014
2741204,2014
2359887,2014
1122543,2014
1124613,2014
1122897,2014
1124903,2014
1124024,2014
1125124,2014
3072017,2014
1123821,2014
1126242,2014
2765282,2014
1125683,2014
2780717,2014
1417445,2014
1135552,2014
1485800,2014
3537990,2014
3090842,2014
1122516,2014
1122981,2014
1125058,2014
1126493,2014
1128527,2014
1126877,2014
2514828,2014
1495797,2014
2939690,2014
3640434,2014
2359869,2014
1245246,2014
1139868,2014
1891344,2014
2142324,2014
3800797,2014
3596269,2014
1126327,2014
2070584,2014
2519805,2014
3374243,2014
2619059,2014
2613589,2014
3342411,2014
1132195,2014
1128723,2014
3348011,2014
1122824,2014
3346624,2014
1144077,2014
1126617,2014
1129159,2014
1128255,2014
1127856,2014
1128497,2014
1124789,2014
1128817,2014
2848804,2014
1125441,2014
1124257,2014
1125496,2014
1139251,2014
3207912,2014
1124060,2014
1134247,2014
1128750,2014
1137686,2014
1126729,2014
1127436,2014
1417333,2014
2295837,2014
1123410,2014
1126046,2014
3393815,2014
1125692,2014
1124622,2014
3613540,2014
3823965,2014
2389941,2014
1127333,2014
3288911,2014
1135039,2014
3344312,2014
1124369,2014
1126934,2014
1139943,2014
1127306,2014
3556656,2014
1128059,2014
1125085,2014
1119794,2014
1128385,2014
2593506,2014
1126372,2014
1128264,2014
2291727,2014
3682537,2014
1842421,2014
2387152,2014
1141580,2014
2161437,2014
1128871,2014
3049680,2014
2206842,2014
1128581,2014
1127847,2014
2721596,2014
1449512,2014
2265867,2014
3270037,2014
3357068,2014
1989830,2014
1128983,2014
1925913,2014
1123719,2014
1128321,2014
1126318,2014
1966215,2014
1135271,2014
1127986,2014
1142989,2014
1135048,2014
2892067,2014
1126112,2014
1126073,2014
2500737,2014
1123018,2014
3042841,2014
1135619,2014
3025910,2014
1127650,2014
3271267,2014
2351359,2014
1126943,2014
4247081,2014
1125245,2014
1126297,2014
1125517,2014
1133660,2014
1427640,2014
1128554,2014
1124921,2014
1123111,2014
1128415,2013
1247576,2013
3368185,2013
1884122,2013
1126738,2013
1134724,2013
1125254,2013
2067007,2013
1127146,2013
1133781,2013
2173720,2013
3047172,2013
3802858,2013
4520953,2013
2632571,2013
1126475,2013
1122301,2013
1123728,2013
1127539,2013
1122048,2013
2183943,2013
2264020,2013
1129029,2013
1128639,2013
1128460,2013
3470088,2013
3802698,2013
1134872,2013
1127799,2013
2533070,2013
4412151,2013
1143511,2013
1134573,2013
1122132,2013
1919976,2013
3636389,2013
2270834,2013
1363980,2013
2253565,2013
1990087,2013
1128880,2013
3398070,2013
2598976,2013
1399523,2013
1248162,2013
2238544,2013
1124163,2013
3308510,2013
1122310,2013
3378764,2013
1125544,2013
1127717,2013
2351247,2013
2768126,2013
1516405,2013
1143922,2013
1127294,2013
1123700,2013
1128451,2013
1133549,2013
1857779,2013
3184219,2013
1246805,2013
1250295,2013
1128349,2013
1020920,2013
1127173,2013
1133697,2013
1843688,2013
3485989,2013
1128228,2013
1122963,2013
1125030,2013
3559862,2013
1135114,2013
1127481,2013
1964668,2013
1129047,2013
1121966,2013
1129065,2013
3823929,2013
1122066,2013
1123287,2013
2253060,2013
1123782,2013
1246494,2013
2452630,2013
2354592,2013
1127182,2013
3139312,2013
2900083,2013
1127052,2013
1125423,2013
3435283,2013
1126989,2013
1134470,2013
1992335,2013
1126907,2013
2860262,2013
3079182,2013
1125151,2013
2752125,2013
1121229,2013
1126121,2013
2121543,2013
2029368,2013
2265782,2013
3615272,2013
1124798,2013
2359328,2013
1125571,2013
1139103,2013
2359962,2013
2499082,2013
1125021,2013
3304352,2013
1124097,2013
3039430,2013
1246355,2013
1129243,2013
1127913,2013
4126609,2013
3133561,2013
2565950,2013
1134863,2013
3870240,2013
1128693,2013
1127687,2013
1943917,2013
1121881,2013
2858979,2013
1128947,2013
1127771,2013
1124930,2013
2967358,2013
2561840,2013
2211136,2013
2622219,2013
1122178,2013
1126158,2013
3800630,2013
1123791,2013
1123885,2013
2108227,2013
4264387,2013
1126952,2013
2330288,2013
1121788,2013
3362923,2013
1127016,2013
1127276,2013
1126037,2013
3195055,2013
3595440,2013
1135860,2013
1842935,2013
1127070,2013
1126206,2013
1121237,2013
1978414,2013
1247969,2013
2252009,2013
1404687,2013
1128040,2013
1123317,2013
1128666,2013
1140211,2013
1140266,2013
1123670,2013
1128899,2013
1125450,2013
1142952,2013
1122413,2013
1125357,2013
1248546,2013
2992396,2013
1134845,2013
2577159,2013
2880662,2013
1123401,2013
1137510,2013
1124042,2013
1127940,2013
2399678,2013
1123737,2013
1124471,2013
1123072,2013
1128675,2013
1127892,2013
1128330,2013
2323495,2013
1125432,2013
1143548,2013
1416671,2013
2352495,2013
3519316,2013
1857788,2013
1128134,2013
1247017,2013
2131373,2013
1128358,2013
1122534,2013
1136933,2013
3314100,2013
1125795,2013
1857171,2013
1125478,2013
1126185,2013
1133567,2013
1123858,2013
1127249,2013
1842551,2013
3223396,2013
1907106,2013
1126082,2013
1124864,2013
2003975,2013
4281197,2013
1123803,2013
1136371,2013
2830528,2013
1125898,2013
3207613,2013
1857760,2013
1121993,2013
1363908,2013
3068636,2013
1128086,2013
1127865,2013
1143025,2013
1126381,2013
3435957,2013
1863659,2013
1128590,2013
1127351,2013
1125290,2013
2144739,2013
1128648,2013
3481776,2013
2500700,2013
2380948,2013
1124659,2013
2500719,2013
1125003,2013
1122776,2013
1125740,2013
2234210,2013
1125197,2013
1125674,2013
2466235,2013
1122075,2013
2610766,2013
4394060,2013
4498726,2013
1123616,2013
3823901,2013
1122217,2013
1124284,2013
1134966,2013
3613504,2013
1126484,2013
1952898,2013
1122057,2013
4237998,2013
1125647,2013
1125553,2013
2359917,2013
1124435,2013
2564047,2013
1495854,2013
1121957,2013
1122990,2013
4404277,2013
2805526,2013
1843558,2013
1123915,2013
1125320,2013
1126671,2013
1843576,2013
2728438,2013
4035943,2013
1126747,2013
2360043,2013
1132793,2013
4465559,2013
1124462,2013
3253825,2013
1124994,2013
1131406,2013
1124088,2013
1131880,2013
1126569,2013
1495788,2013
1496244,2013
1122468,2013
1128200,2013
1129186,2013
1143128,2013
1123933,2013
1127959,2013
1123812,2013
3151426,2013
2734028,2013
1143904,2013
1123193,2013
2623551,2013
1128246,2013
1143678,2013
1126523,2013
1127324,2013
1122703,2013
1123951,2013
1126831,2013
1128769,2013
1142206,2013
2217503,2013
3027268,2013
3800667,2013
1827718,2013
1125580,2013
1128705,2013
4347301,2013
3802540,2013
2695688,2013
1126644,2013
2807100,2013
2359823,2013
4449465,2013
4203425,2013
1126354,2013
1246364,2013
1141348,2013
1123661,2013
2351274,2013
1142868,2013
2256539,2013
1121984,2013
2962344,2013
2851318,2013
1126626,2013
2631798,2013
1127155,2013
2907859,2013
2665739,2013
1124592,2013
1487327,2013
1124202,2013
1127548,2013
1128424,2013
1125610,2013
1136540,2013
2130303,2013
1842971,2013
1122422,2013
1121724,2013
1871588,2013
1123652,2013
2729592,2013
1128189,2013
1140789,2013
2176105,2013
1126466,2013
1246542,2013
3072594,2013
2839044,2013
1140088,2013
1127409,2013
1129001,2013
3153260,2013
1124118,2013
1124574,2013
1020751,2013
1124967,2013
1121340,2013
1363748,2013
2741204,2013
2359887,2013
1122543,2013
1124613,2013
1122897,2013
1124903,2013
1139121,2013
1124024,2013
1125124,2013
3072017,2013
1123821,2013
1126242,2013
2765282,2013
1125683,2013
2780717,2013
1417445,2013
1135552,2013
1485800,2013
3537990,2013
3090842,2013
1122516,2013
1122981,2013
1125058,2013
1126493,2013
2361880,2013
1128527,2013
1126877,2013
2514828,2013
1495797,2013
2939690,2013
3640434,2013
2359869,2013
1245246,2013
1139868,2013
1891344,2013
2142324,2013
3800797,2013
3596269,2013
1126327,2013
2070584,2013
2519805,2013
3374243,2013
2619059,2013
2613589,2013
3342411,2013
1132195,2013
1128723,2013
3348011,2013
1122824,2013
3346624,2013
1144077,2013
1126617,2013
1129159,2013
1128255,2013
1127856,2013
1128497,2013
1124789,2013
1128817,2013
2848804,2013
1125441,2013
1124257,2013
1125496,2013
1139251,2013
3207912,2013
1124060,2013
1134247,2013
1128750,2013
1137686,2013
1126729,2013
1127436,2013
1417333,2013
2295837,2013
1123410,2013
1126046,2013
3393815,2013
1125692,2013
1124622,2013
3613540,2013
3823965,2013
2389941,2013
1127333,2013
3288911,2013
1124109,2013
1135039,2013
3344312,2013
1124369,2013
1126934,2013
1139943,2013
1127306,2013
3556656,2013
1127203,2013
1128059,2013
1125085,2013
1119794,2013
1128385,2013
2593506,2013
1126372,2013
1128264,2013
2291727,2013
3682537,2013
1842421,2013
2387152,2013
1141580,2013
2161437,2013
1128871,2013
3049680,2013
2206842,2013
1128581,2013
1127847,2013
2721596,2013
1449512,2013
2265867,2013
3270037,2013
3357068,2013
1989830,2013
1128983,2013
1925913,2013
1123719,2013
1128321,2013
1126318,2013
1966215,2013
1135271,2013
1127986,2013
1142989,2013
1135048,2013
2892067,2013
1126112,2013
1126073,2013
2500737,2013
1123018,2013
3042841,2013
1135619,2013
3025910,2013
1127650,2013
3271267,2013
2351359,2013
1126943,2013
4247081,2013
1125245,2013
1126297,2013
1125517,2013
1133660,2013
1427640,2013
1128554,2013
1124921,2013
1123111,2013
